{
  "meta_title": "Joalheria Veiga | Joias em Prata Legítima",
  "meta_description": "Com mais de 11 anos de experiência a Joalheria Veiga se destaca em anéis, brincos, colares, pulseiras e pingentes, joias personalizadas em Prata Legítim com excelente qualidade, confeccionadas exatamente para você!",
  "sections": [
    {
      "type": "banner-slider",
      "autoplay": 9000,
      "slides": [
        {
          "img": "/img/uploads/off-5-1-.jpg",
          "link": "",
          "alt": "",
          "start": "2020-04-11T05:54:06.750Z",
          "end": "2020-12-31T03:00:00.000Z",
          "mobile_img": "/img/uploads/natal-friday-1-.jpg"
        }
      ]
    },
    {
      "type": "collection-shelf",
      "shuffle": true,
      "collection_id": null,
      "sort": "news",
      "headless": false
    },
    {
      "type": "collection-shelf",
      "shuffle": true,
      "limit": 12,
      "page": 1,
      "sort": "offers"
    },
    {
      "type": "page-title",
      "title": "Joalheria Veiga - Joias em Prata e Ouro Legitimo",
      "description": "A Joalheria Veiga é uma loja especialista em metais nobres, joias confeccionadas em prata e ouro maciço. Joias para estar junto com você uma  vida toda."
    },
    {
      "type": "blog",
      "enabled": true
    },
    {
      "type": "collection-shelf",
      "shuffle": false,
      "limit": 12,
      "page": 1
    }
  ]
}